area-number,photo-number,area-photo,caption,grid-reference,britishnationalgrid-url,image-url,area-url
2,1,2-1,Junction of Bristol Hill (A4175) with Durley Lane,ST644692,http://britishnationalgrid.uk/#ST644692,https://keynsham.github.io/images/2/image1.jpeg,http://datadock.io/keynsham/ndp/id/resource/character.csv/area-number/2
2,2,2-2,Durley Lane,ST645692,http://britishnationalgrid.uk/#ST645692,https://keynsham.github.io/images/2/image2.jpeg,http://datadock.io/keynsham/ndp/id/resource/character.csv/area-number/2
2,3,2-3,"Land used for storage of building materials, caravans and vehicles",ST645693,http://britishnationalgrid.uk/#ST645693,https://keynsham.github.io/images/2/image3.jpeg,http://datadock.io/keynsham/ndp/id/resource/character.csv/area-number/2
2,4,2-4,Entrance to former quarry,ST645692,http://britishnationalgrid.uk/#ST645692,https://keynsham.github.io/images/2/image4.jpeg,http://datadock.io/keynsham/ndp/id/resource/character.csv/area-number/2
2,5,2-5,Durley Park Cottage (former coach house),ST645694,http://britishnationalgrid.uk/#ST645694,https://keynsham.github.io/images/2/image5.jpeg,http://datadock.io/keynsham/ndp/id/resource/character.csv/area-number/2
2,6,2-6,Durley Park Cottage (former stables),ST645694,http://britishnationalgrid.uk/#ST645694,https://keynsham.github.io/images/2/image6.jpeg,http://datadock.io/keynsham/ndp/id/resource/character.csv/area-number/2
2,7,2-7,Bridge carrying A4 over Durley Lane,ST646695,http://britishnationalgrid.uk/#ST646695,https://keynsham.github.io/images/2/image7.jpeg,http://datadock.io/keynsham/ndp/id/resource/character.csv/area-number/2
2,8,2-8,Entrance to public footpath running parallel to A4,ST646695,http://britishnationalgrid.uk/#ST646695,https://keynsham.github.io/images/2/image8.jpeg,http://datadock.io/keynsham/ndp/id/resource/character.csv/area-number/2
2,9,2-9,Durley Park offices viewed from Durley Lane,ST645695,http://britishnationalgrid.uk/#ST645695,https://keynsham.github.io/images/2/image9.jpeg,http://datadock.io/keynsham/ndp/id/resource/character.csv/area-number/2
2,10,2-10,Access to field used for residential motorhome and for motor cycle scrambling ,ST646695,http://britishnationalgrid.uk/#ST646695,https://keynsham.github.io/images/2/image10.jpeg,http://datadock.io/keynsham/ndp/id/resource/character.csv/area-number/2
2,11,2-11,Bridge (constructed by I K Brunel) carrying railway over Durley Lane,ST646695,http://britishnationalgrid.uk/#ST646695,https://keynsham.github.io/images/2/image11.jpeg,http://datadock.io/keynsham/ndp/id/resource/character.csv/area-number/2
2,12,2-12,Access to railway for maintenance workers,ST646695,http://britishnationalgrid.uk/#ST646695,https://keynsham.github.io/images/2/image12.jpeg,http://datadock.io/keynsham/ndp/id/resource/character.csv/area-number/2
2,13,2-13,Public footpath giving access to Humpty Dumps ,ST646695,http://britishnationalgrid.uk/#ST646695,https://keynsham.github.io/images/2/image13.jpeg,http://datadock.io/keynsham/ndp/id/resource/character.csv/area-number/2
2,14,2-14,"Entrance to Chandos Lodge Industrial Estate (note detail of pennant sandstone  outcrop on left hand side)	",ST646695,http://britishnationalgrid.uk/#ST646695,https://keynsham.github.io/images/2/image14.jpeg,http://datadock.io/keynsham/ndp/id/resource/character.csv/area-number/2
2,15,2-15,Entrance to Chandos Lodge moorings and public footpath,ST646695,http://britishnationalgrid.uk/#ST646695,https://keynsham.github.io/images/2/image15.jpeg,http://datadock.io/keynsham/ndp/id/resource/character.csv/area-number/2
2,16,2-16,"View to the east showing River Avon, flooded hams and Somerdale factory site",ST646695,http://britishnationalgrid.uk/#ST646695,https://keynsham.github.io/images/2/image16.jpeg,http://datadock.io/keynsham/ndp/id/resource/character.csv/area-number/2
2,17,2-17,Houseboat moorings,ST647697,http://britishnationalgrid.uk/#ST647697,https://keynsham.github.io/images/2/image17.jpeg,http://datadock.io/keynsham/ndp/id/resource/character.csv/area-number/2
2,18,2-18,Houseboat moorings ,ST647697,http://britishnationalgrid.uk/#ST647697,https://keynsham.github.io/images/2/image18.jpeg,http://datadock.io/keynsham/ndp/id/resource/character.csv/area-number/2
2,19,2-19,Boat owners' car parking adjacent to moorings,ST647697,http://britishnationalgrid.uk/#ST647697,https://keynsham.github.io/images/2/image19.jpeg,http://datadock.io/keynsham/ndp/id/resource/character.csv/area-number/2
2,20,2-20,Houseboat moorings,ST647697,http://britishnationalgrid.uk/#ST647697,https://keynsham.github.io/images/2/image20.jpeg,http://datadock.io/keynsham/ndp/id/resource/character.csv/area-number/2
2,21,2-21,Slope above riverbank with outbuildings belonging to boat dwellers,ST647698,http://britishnationalgrid.uk/#ST647698,https://keynsham.github.io/images/2/image21.jpeg,http://datadock.io/keynsham/ndp/id/resource/character.csv/area-number/2
2,22,2-22,Slope above riverbank with outbuildings belonging to boat dwellers   ,ST647698,http://britishnationalgrid.uk/#ST647698,https://keynsham.github.io/images/2/image22.jpeg,http://datadock.io/keynsham/ndp/id/resource/character.csv/area-number/2
2,23,2-23,Houseboat moorings  -  Chequers Pub in background on opposite bank,ST647699,http://britishnationalgrid.uk/#ST647699,https://keynsham.github.io/images/2/image23.jpeg,http://datadock.io/keynsham/ndp/id/resource/character.csv/area-number/2
2,24,2-24,Road to Lock Keeper's Cottage,ST647699,http://britishnationalgrid.uk/#ST647699,https://keynsham.github.io/images/2/image24.jpeg,http://datadock.io/keynsham/ndp/id/resource/character.csv/area-number/2
2,25,2-25,"Approach to Hanham Lock	",ST646700,http://britishnationalgrid.uk/#ST646700,https://keynsham.github.io/images/2/image25.jpeg,http://datadock.io/keynsham/ndp/id/resource/character.csv/area-number/2
2,26,2-26,Lock entrance,ST646700,http://britishnationalgrid.uk/#ST646700,https://keynsham.github.io/images/2/image26.jpeg,http://datadock.io/keynsham/ndp/id/resource/character.csv/area-number/2
2,27,2-27,Lock Cottage,ST646700,http://britishnationalgrid.uk/#ST646700,https://keynsham.github.io/images/2/image27.jpeg,http://datadock.io/keynsham/ndp/id/resource/character.csv/area-number/2
2,28,2-28,Hanham Lock sign ,ST646700,http://britishnationalgrid.uk/#ST646700,https://keynsham.github.io/images/2/image28.jpeg,http://datadock.io/keynsham/ndp/id/resource/character.csv/area-number/2
2,29,2-29,Public footpath in Humpty Dumps running west parallel to railway line,ST646696,http://britishnationalgrid.uk/#ST646696,https://keynsham.github.io/images/2/image29.jpeg,http://datadock.io/keynsham/ndp/id/resource/character.csv/area-number/2
2,30,2-30,Footpath through Humpty Dumps,ST645696,http://britishnationalgrid.uk/#ST645696,https://keynsham.github.io/images/2/image30.jpeg,http://datadock.io/keynsham/ndp/id/resource/character.csv/area-number/2
2,31,2-31,Footpath through Humpty Dumps,ST645697,http://britishnationalgrid.uk/#ST645697,https://keynsham.github.io/images/2/image31.jpeg,http://datadock.io/keynsham/ndp/id/resource/character.csv/area-number/2
2,32,2-32,General view of scrub land in Humpty Dumps,ST645696,http://britishnationalgrid.uk/#ST645696,https://keynsham.github.io/images/2/image32.jpeg,http://datadock.io/keynsham/ndp/id/resource/character.csv/area-number/2
2,33,2-33,Stream in valley running through Humpty Dumps,ST645696,http://britishnationalgrid.uk/#ST645696,https://keynsham.github.io/images/2/image33.jpeg,http://datadock.io/keynsham/ndp/id/resource/character.csv/area-number/2
2,34,2-34,General view of scrub land in Humpty Dumps,ST644697,http://britishnationalgrid.uk/#ST644697,https://keynsham.github.io/images/2/image34.jpeg,http://datadock.io/keynsham/ndp/id/resource/character.csv/area-number/2
2,35,2-35,View of field (note tipping adjacent to hedge on LHS),ST644697,http://britishnationalgrid.uk/#ST644697,https://keynsham.github.io/images/2/image35.jpeg,http://datadock.io/keynsham/ndp/id/resource/character.csv/area-number/2
2,36,2-36,View of field,ST644697,http://britishnationalgrid.uk/#ST644697,https://keynsham.github.io/images/2/image36.jpeg,http://datadock.io/keynsham/ndp/id/resource/character.csv/area-number/2
2,37,2-37,View of field,ST644697,http://britishnationalgrid.uk/#ST644697,https://keynsham.github.io/images/2/image37.jpeg,http://datadock.io/keynsham/ndp/id/resource/character.csv/area-number/2
2,38,2-38,View of field,ST644698,http://britishnationalgrid.uk/#ST644698,https://keynsham.github.io/images/2/image38.jpeg,http://datadock.io/keynsham/ndp/id/resource/character.csv/area-number/2
2,39,2-39,Swamp area,ST644698,http://britishnationalgrid.uk/#ST644698,https://keynsham.github.io/images/2/image39.jpeg,http://datadock.io/keynsham/ndp/id/resource/character.csv/area-number/2
2,40,2-40,Approach to railway footbridge,ST644698,http://britishnationalgrid.uk/#ST644698,https://keynsham.github.io/images/2/image40.jpeg,http://datadock.io/keynsham/ndp/id/resource/character.csv/area-number/2
2,41,2-41,Railway footbridge,ST644698,http://britishnationalgrid.uk/#ST644698,https://keynsham.github.io/images/2/image41.jpeg,http://datadock.io/keynsham/ndp/id/resource/character.csv/area-number/2
2,42,2-42,View of rail track to east,ST644698,http://britishnationalgrid.uk/#ST644698,https://keynsham.github.io/images/2/image42.jpeg,http://datadock.io/keynsham/ndp/id/resource/character.csv/area-number/2
2,43,2-43,View of rail track to west showing Ring Road bridge,ST644698,http://britishnationalgrid.uk/#ST644698,https://keynsham.github.io/images/2/image43.jpeg,http://datadock.io/keynsham/ndp/id/resource/character.csv/area-number/2
2,44,2-44,View to north showing motor cycle scramble track and destruction of public footpath ,ST644698,http://britishnationalgrid.uk/#ST644698,https://keynsham.github.io/images/2/image44.jpeg,http://datadock.io/keynsham/ndp/id/resource/character.csv/area-number/2
2,45,2-45,View to south showing arboriculture site ,ST644698,http://britishnationalgrid.uk/#ST644698,https://keynsham.github.io/images/2/image45.jpeg,http://datadock.io/keynsham/ndp/id/resource/character.csv/area-number/2
2,46,2-46,View to north showing ground erosion resulting from motor cycle scrambling,ST644698,http://britishnationalgrid.uk/#ST644698,https://keynsham.github.io/images/2/image46.jpeg,http://datadock.io/keynsham/ndp/id/resource/character.csv/area-number/2
2,47,2-47,View to west showing ground erosion resulting from motor cycle scrambling,ST644698,http://britishnationalgrid.uk/#ST644698,https://keynsham.github.io/images/2/image47.jpeg,http://datadock.io/keynsham/ndp/id/resource/character.csv/area-number/2
2,48,2-48,View to east showing ground erosion resulting from motor cycle scrambling,ST644698,http://britishnationalgrid.uk/#ST644698,https://keynsham.github.io/images/2/image48.jpeg,http://datadock.io/keynsham/ndp/id/resource/character.csv/area-number/2
2,49,2-49,View to southeast showing motor cycle scramble track with Severn Project (horticultural activity) in background and Chandos Lodge,ST644698,http://britishnationalgrid.uk/#ST644698,https://keynsham.github.io/images/2/image49.jpeg,http://datadock.io/keynsham/ndp/id/resource/character.csv/area-number/2
2,50,2-50,Residential caravans ,ST646698,http://britishnationalgrid.uk/#ST646698,https://keynsham.github.io/images/2/image50.jpeg,http://datadock.io/keynsham/ndp/id/resource/character.csv/area-number/2
2,51,2-51,Ancient hill fort,ST646699,http://britishnationalgrid.uk/#ST646699,https://keynsham.github.io/images/2/image51.jpeg,http://datadock.io/keynsham/ndp/id/resource/character.csv/area-number/2
2,52,2-52,View to northwest showing Ring Road bridge over river,ST646699,http://britishnationalgrid.uk/#ST646699,https://keynsham.github.io/images/2/image52.jpeg,http://datadock.io/keynsham/ndp/id/resource/character.csv/area-number/2
2,53,2-53,View to north showing rear of Lock Cottage and buildings on opposite riverbank,ST646699,http://britishnationalgrid.uk/#ST646699,https://keynsham.github.io/images/2/image53.jpeg,http://datadock.io/keynsham/ndp/id/resource/character.csv/area-number/2
2,54,2-54,Tipping ,ST645699,http://britishnationalgrid.uk/#ST645699,https://keynsham.github.io/images/2/image54.jpeg,http://datadock.io/keynsham/ndp/id/resource/character.csv/area-number/2
2,55,2-55,Structure,ST645699,http://britishnationalgrid.uk/#ST645699,https://keynsham.github.io/images/2/image55.jpeg,http://datadock.io/keynsham/ndp/id/resource/character.csv/area-number/2
2,56,2-56,Tipping ,ST645699,http://britishnationalgrid.uk/#ST645699,https://keynsham.github.io/images/2/image56.jpeg,http://datadock.io/keynsham/ndp/id/resource/character.csv/area-number/2
2,57,2-57,Tipping ,ST645699,http://britishnationalgrid.uk/#ST645699,https://keynsham.github.io/images/2/image57.jpeg,http://datadock.io/keynsham/ndp/id/resource/character.csv/area-number/2
2,58,2-58,"View to southeast, Chandos Lodge in background ",ST645699,http://britishnationalgrid.uk/#ST645699,https://keynsham.github.io/images/2/image58.jpeg,http://datadock.io/keynsham/ndp/id/resource/character.csv/area-number/2
2,59,2-59,Tipping ,ST644699,http://britishnationalgrid.uk/#ST644699,https://keynsham.github.io/images/2/image59.jpeg,http://datadock.io/keynsham/ndp/id/resource/character.csv/area-number/2
2,60,2-60,advertising display on parked  vehicle,ST644701,http://britishnationalgrid.uk/#ST644701,https://keynsham.github.io/images/2/image60.jpeg,http://datadock.io/keynsham/ndp/id/resource/character.csv/area-number/2
2,61,2-61,Horses stabled under road bridge,ST644701,http://britishnationalgrid.uk/#ST644701,https://keynsham.github.io/images/2/image61.jpeg,http://datadock.io/keynsham/ndp/id/resource/character.csv/area-number/2
2,62,2-62,Horses stabled under road bridge,ST644701,http://britishnationalgrid.uk/#ST644701,https://keynsham.github.io/images/2/image62.jpeg,http://datadock.io/keynsham/ndp/id/resource/character.csv/area-number/2
2,63,2-63,River frontage to the west of Hanham Lock ,ST644701,http://britishnationalgrid.uk/#ST644701,https://keynsham.github.io/images/2/image63.jpeg,http://datadock.io/keynsham/ndp/id/resource/character.csv/area-number/2
2,64,2-64,River frontage to the west of Hanham Lock ,ST644701,http://britishnationalgrid.uk/#ST644701,https://keynsham.github.io/images/2/image64.jpeg,http://datadock.io/keynsham/ndp/id/resource/character.csv/area-number/2
2,65,2-65,View of Ring Road Bridge over river,ST645701,http://britishnationalgrid.uk/#ST645701,https://keynsham.github.io/images/2/image65.jpeg,http://datadock.io/keynsham/ndp/id/resource/character.csv/area-number/2
2,66,2-66,Evidence of motor cycle scrambling,ST645700,http://britishnationalgrid.uk/#ST645700,https://keynsham.github.io/images/2/image66.jpeg,http://datadock.io/keynsham/ndp/id/resource/character.csv/area-number/2
2,67,2-67,Evidence of motor cycle scrambling,ST645700,http://britishnationalgrid.uk/#ST645700,https://keynsham.github.io/images/2/image67.jpeg,http://datadock.io/keynsham/ndp/id/resource/character.csv/area-number/2
2,68,2-68,Hill fort ,ST646700,http://britishnationalgrid.uk/#ST646700,https://keynsham.github.io/images/2/image68.jpeg,http://datadock.io/keynsham/ndp/id/resource/character.csv/area-number/2
2,69,2-69,Steep slope running down to rear of Lock Cottage ,ST646700,http://britishnationalgrid.uk/#ST646700,https://keynsham.github.io/images/2/image69.jpeg,http://datadock.io/keynsham/ndp/id/resource/character.csv/area-number/2
2,70,2-70,Part-camouflaged residential caravan,ST646699,http://britishnationalgrid.uk/#ST646699,https://keynsham.github.io/images/2/image70.jpeg,http://datadock.io/keynsham/ndp/id/resource/character.csv/area-number/2
2,71,2-71,Sheds erected by boat dwellers,ST646699,http://britishnationalgrid.uk/#ST646699,https://keynsham.github.io/images/2/image71.jpeg,http://datadock.io/keynsham/ndp/id/resource/character.csv/area-number/2
2,72,2-72,"Sheds erected by boat dwellers, note girder platform in foreground",ST646699,http://britishnationalgrid.uk/#ST646699,https://keynsham.github.io/images/2/image72.jpeg,http://datadock.io/keynsham/ndp/id/resource/character.csv/area-number/2
2,73,2-73,Concealed container dwelling seen from rear,ST646699,http://britishnationalgrid.uk/#ST646699,https://keynsham.github.io/images/2/image73.jpeg,http://datadock.io/keynsham/ndp/id/resource/character.csv/area-number/2
2,74,2-74,"Enclosure containing horseboxes, residential caravans and dog kennels",ST646698,http://britishnationalgrid.uk/#ST646698,https://keynsham.github.io/images/2/image74.jpeg,http://datadock.io/keynsham/ndp/id/resource/character.csv/area-number/2
2,75,2-75,Severn Project (horticulture),ST646698,http://britishnationalgrid.uk/#ST646698,https://keynsham.github.io/images/2/image75.jpeg,http://datadock.io/keynsham/ndp/id/resource/character.csv/area-number/2
2,76,2-76,Motor cycle scramble track across public footpath,ST645698,http://britishnationalgrid.uk/#ST645698,https://keynsham.github.io/images/2/image76.jpeg,http://datadock.io/keynsham/ndp/id/resource/character.csv/area-number/2
2,77,2-77,Footpath alongside stream in Humpty Dumps,ST643698,http://britishnationalgrid.uk/#ST643698,https://keynsham.github.io/images/2/image77.jpeg,http://datadock.io/keynsham/ndp/id/resource/character.csv/area-number/2
2,78,2-78,Pennant sandstone outcrop,ST643698,http://britishnationalgrid.uk/#ST643698,https://keynsham.github.io/images/2/image78.jpeg,http://datadock.io/keynsham/ndp/id/resource/character.csv/area-number/2
2,79,2-79,Ring Road looking northeast ,ST642698,http://britishnationalgrid.uk/#ST642698,https://keynsham.github.io/images/2/image79.jpeg,http://datadock.io/keynsham/ndp/id/resource/character.csv/area-number/2
2,80,2-80,Ring Road looking southwest,ST642698,http://britishnationalgrid.uk/#ST642698,https://keynsham.github.io/images/2/image80.jpeg,http://datadock.io/keynsham/ndp/id/resource/character.csv/area-number/2
2,81,2-81,View of field to east ,ST642697,http://britishnationalgrid.uk/#ST642697,https://keynsham.github.io/images/2/image81.jpeg,http://datadock.io/keynsham/ndp/id/resource/character.csv/area-number/2
2,82,2-82,"View to east of field, note Kelston Roundhill in far distance",ST642697,http://britishnationalgrid.uk/#ST642697,https://keynsham.github.io/images/2/image82.jpeg,http://datadock.io/keynsham/ndp/id/resource/character.csv/area-number/2
2,83,2-83,Advertising signboards,ST642697,http://britishnationalgrid.uk/#ST642697,https://keynsham.github.io/images/2/image83.jpeg,http://datadock.io/keynsham/ndp/id/resource/character.csv/area-number/2
2,84,2-84,Advertising signboard,ST642697,http://britishnationalgrid.uk/#ST642697,https://keynsham.github.io/images/2/image84.jpeg,http://datadock.io/keynsham/ndp/id/resource/character.csv/area-number/2
2,85,2-85,Advertising signboard,ST642697,http://britishnationalgrid.uk/#ST642697,https://keynsham.github.io/images/2/image85.jpeg,http://datadock.io/keynsham/ndp/id/resource/character.csv/area-number/2
2,86,2-86,View of A4 to the southeast,ST642696,http://britishnationalgrid.uk/#ST642696,https://keynsham.github.io/images/2/image86.jpeg,http://datadock.io/keynsham/ndp/id/resource/character.csv/area-number/2
2,87,2-87,Hicks Gate roundabout view to northwest,ST642696,http://britishnationalgrid.uk/#ST642696,https://keynsham.github.io/images/2/image87.jpeg,http://datadock.io/keynsham/ndp/id/resource/character.csv/area-number/2
2,88,2-88,Hicks Gate roundabout view to southwest,ST642696,http://britishnationalgrid.uk/#ST642696,https://keynsham.github.io/images/2/image88.jpeg,http://datadock.io/keynsham/ndp/id/resource/character.csv/area-number/2
2,89,2-89,Land used for arboriculture,ST642696,http://britishnationalgrid.uk/#ST642696,https://keynsham.github.io/images/2/image89.jpeg,http://datadock.io/keynsham/ndp/id/resource/character.csv/area-number/2
2,90,2-90,"Land used for arboriculture	",ST642696,http://britishnationalgrid.uk/#ST642696,https://keynsham.github.io/images/2/image90.jpeg,http://datadock.io/keynsham/ndp/id/resource/character.csv/area-number/2
2,91,2-91,Hicks Gate roundabout looking north ,ST641696,http://britishnationalgrid.uk/#ST641696,https://keynsham.github.io/images/2/image91.jpeg,http://datadock.io/keynsham/ndp/id/resource/character.csv/area-number/2
2,92,2-92,A4175 looking south ,ST641695,http://britishnationalgrid.uk/#ST641695,https://keynsham.github.io/images/2/image92.jpeg,http://datadock.io/keynsham/ndp/id/resource/character.csv/area-number/2
2,93,2-93,Sign marking entrance to Keynsham ,ST641695,http://britishnationalgrid.uk/#ST641695,https://keynsham.github.io/images/2/image93.jpeg,http://datadock.io/keynsham/ndp/id/resource/character.csv/area-number/2
2,94,2-94,A4175 looking southeast ,ST641695,http://britishnationalgrid.uk/#ST641695,https://keynsham.github.io/images/2/image94.jpeg,http://datadock.io/keynsham/ndp/id/resource/character.csv/area-number/2
2,95,2-95,A4175 looking northwest,ST641695,http://britishnationalgrid.uk/#ST641695,https://keynsham.github.io/images/2/image95.jpeg,http://datadock.io/keynsham/ndp/id/resource/character.csv/area-number/2
2,96,2-96,Arboriculture site looking north,ST641694,http://britishnationalgrid.uk/#ST641694,https://keynsham.github.io/images/2/image96.jpeg,http://datadock.io/keynsham/ndp/id/resource/character.csv/area-number/2
2,97,2-97,Arboriculture site looking east,ST641694,http://britishnationalgrid.uk/#ST641694,https://keynsham.github.io/images/2/image97.jpeg,http://datadock.io/keynsham/ndp/id/resource/character.csv/area-number/2
2,98,2-98,Arboriculture site looking west,ST641694,http://britishnationalgrid.uk/#ST641694,https://keynsham.github.io/images/2/image98.jpeg,http://datadock.io/keynsham/ndp/id/resource/character.csv/area-number/2
2,99,2-99,A4175 looking southeast,ST642694,http://britishnationalgrid.uk/#ST642694,https://keynsham.github.io/images/2/image99.jpeg,http://datadock.io/keynsham/ndp/id/resource/character.csv/area-number/2
2,100,2-100,A4175 looking northwest,ST642694,http://britishnationalgrid.uk/#ST642694,https://keynsham.github.io/images/2/image100.jpeg,http://datadock.io/keynsham/ndp/id/resource/character.csv/area-number/2
2,101,2-101,Entrance to arboriculture site,ST642694,http://britishnationalgrid.uk/#ST642694,https://keynsham.github.io/images/2/image101.jpeg,http://datadock.io/keynsham/ndp/id/resource/character.csv/area-number/2
2,102,2-102,A4175 looking southeast,ST642693,http://britishnationalgrid.uk/#ST642693,https://keynsham.github.io/images/2/image102.jpeg,http://datadock.io/keynsham/ndp/id/resource/character.csv/area-number/2
2,103,2-103,Scrub woodland looking north,ST642693,http://britishnationalgrid.uk/#ST642693,https://keynsham.github.io/images/2/image103.jpeg,http://datadock.io/keynsham/ndp/id/resource/character.csv/area-number/2
2,104,2-104,A4175 looking southeast,ST643693,http://britishnationalgrid.uk/#ST643693,https://keynsham.github.io/images/2/image104.jpeg,http://datadock.io/keynsham/ndp/id/resource/character.csv/area-number/2
2,105,2-105,"Kew Cottage, Durley Hill",ST644693,http://britishnationalgrid.uk/#ST644693,https://keynsham.github.io/images/2/image105.jpeg,http://datadock.io/keynsham/ndp/id/resource/character.csv/area-number/2
2,106,2-106,"Durley Cottage, Durley Hill",ST644693,http://britishnationalgrid.uk/#ST644693,https://keynsham.github.io/images/2/image106.jpeg,http://datadock.io/keynsham/ndp/id/resource/character.csv/area-number/2
2,107,2-107,"The Lodge, Durley Hill",ST644693,http://britishnationalgrid.uk/#ST644693,https://keynsham.github.io/images/2/image107.jpeg,http://datadock.io/keynsham/ndp/id/resource/character.csv/area-number/2
2,108,2-108,"Abbotshill, Durley Park east side",ST645693,http://britishnationalgrid.uk/#ST645693,https://keynsham.github.io/images/2/image108.jpeg,http://datadock.io/keynsham/ndp/id/resource/character.csv/area-number/2
2,109,2-109,View to the east ,ST645693,http://britishnationalgrid.uk/#ST645693,https://keynsham.github.io/images/2/image109.jpeg,http://datadock.io/keynsham/ndp/id/resource/character.csv/area-number/2
2,110,2-110,Abbotshill and Avon Prior west side,ST645693,http://britishnationalgrid.uk/#ST645693,https://keynsham.github.io/images/2/image110.jpeg,http://datadock.io/keynsham/ndp/id/resource/character.csv/area-number/2
2,111,2-111,Durley Park offices (Babcock International),ST645694,http://britishnationalgrid.uk/#ST645694,https://keynsham.github.io/images/2/image111.jpeg,http://datadock.io/keynsham/ndp/id/resource/character.csv/area-number/2
2,112,2-112,"Agricultural land looking due west, arboriculture site in background",ST644694,http://britishnationalgrid.uk/#ST644694,https://keynsham.github.io/images/2/image112.jpeg,http://datadock.io/keynsham/ndp/id/resource/character.csv/area-number/2
2,113,2-113,"Storage of buildering materials, caravans and vehicles ",ST644693,http://britishnationalgrid.uk/#ST644693,https://keynsham.github.io/images/2/image113.jpeg,http://datadock.io/keynsham/ndp/id/resource/character.csv/area-number/2
2,114,2-114,Keynsham Cemetery,ST644693,http://britishnationalgrid.uk/#ST644693,https://keynsham.github.io/images/2/image114.jpeg,http://datadock.io/keynsham/ndp/id/resource/character.csv/area-number/2
2,115,2-115,"Chandos Lodge Industrial Estate, Greenlane Bodyworks",ST646697,http://britishnationalgrid.uk/#ST646697,https://keynsham.github.io/images/2/image115.jpeg,http://datadock.io/keynsham/ndp/id/resource/character.csv/area-number/2
2,116,2-116,"Chandos Lodge Industrial Estate, DIY Double Glazing Co.",ST646696,http://britishnationalgrid.uk/#ST646696,https://keynsham.github.io/images/2/image116.jpeg,http://datadock.io/keynsham/ndp/id/resource/character.csv/area-number/2
2,117,2-117,"Chandos Lodge Industrial Estate, Tom Day Fuel Injection",ST646696,http://britishnationalgrid.uk/#ST646696,https://keynsham.github.io/images/2/image117.jpeg,http://datadock.io/keynsham/ndp/id/resource/character.csv/area-number/2
2,118,2-118,West side of Chandos Lodge,ST646696,http://britishnationalgrid.uk/#ST646696,https://keynsham.github.io/images/2/image118.jpeg,http://datadock.io/keynsham/ndp/id/resource/character.csv/area-number/2
2,119,2-119,"Chandos Lodge Industrial Estate, Jam Saab parking area",ST646697,http://britishnationalgrid.uk/#ST646697,https://keynsham.github.io/images/2/image119.jpeg,http://datadock.io/keynsham/ndp/id/resource/character.csv/area-number/2
2,120,2-120,"Former barns, used for the storage of scaffolding",ST646697,http://britishnationalgrid.uk/#ST646697,https://keynsham.github.io/images/2/image120.jpeg,http://datadock.io/keynsham/ndp/id/resource/character.csv/area-number/2
2,121,2-121,Roadway with Severn Project horticultural site on left hand side,ST646698,http://britishnationalgrid.uk/#ST646698,https://keynsham.github.io/images/2/image121.jpeg,http://datadock.io/keynsham/ndp/id/resource/character.csv/area-number/2
2,122,2-122,Part-completed steel boat used as residence,ST646697,http://britishnationalgrid.uk/#ST646697,https://keynsham.github.io/images/2/image122.jpeg,http://datadock.io/keynsham/ndp/id/resource/character.csv/area-number/2
2,123,2-123,"Rear of The Bungalow, Durley Lane",ST646697,http://britishnationalgrid.uk/#ST646697,https://keynsham.github.io/images/2/image123.jpeg,http://datadock.io/keynsham/ndp/id/resource/character.csv/area-number/2
2,124,2-124,View to the east showing Somerdale,ST646697,http://britishnationalgrid.uk/#ST646697,https://keynsham.github.io/images/2/image124.jpeg,http://datadock.io/keynsham/ndp/id/resource/character.csv/area-number/2
2,125,2-125,View to the southeast ,ST646697,http://britishnationalgrid.uk/#ST646697,https://keynsham.github.io/images/2/image125.jpeg,http://datadock.io/keynsham/ndp/id/resource/character.csv/area-number/2
6,1,6-1,The Almshouses in the Bristol Road,,,https://keynsham.github.io/images/6/image1.jpeg,http://datadock.io/keynsham/ndp/id/resource/character.csv/area-number/6
6,2,6-2,The Almshouses in the Bristol Road,,,https://keynsham.github.io/images/6/image2.jpeg,http://datadock.io/keynsham/ndp/id/resource/character.csv/area-number/6
6,3,6-3,Modern electric telephone pole Sited directly outside Almshouses,,,https://keynsham.github.io/images/6/image3.jpeg,http://datadock.io/keynsham/ndp/id/resource/character.csv/area-number/6
6,4,6-4,,,,https://keynsham.github.io/images/6/image4.jpeg,http://datadock.io/keynsham/ndp/id/resource/character.csv/area-number/6
6,5,6-5,,,,https://keynsham.github.io/images/6/image5.jpeg,http://datadock.io/keynsham/ndp/id/resource/character.csv/area-number/6
6,6,6-6,,,,https://keynsham.github.io/images/6/image6.jpeg,http://datadock.io/keynsham/ndp/id/resource/character.csv/area-number/6
6,7,6-7,Old stone wall - in need of repair in place - near Trescothick Close,,,https://keynsham.github.io/images/6/image7.jpeg,http://datadock.io/keynsham/ndp/id/resource/character.csv/area-number/6
6,8,6-8,,,,https://keynsham.github.io/images/6/image8.jpeg,http://datadock.io/keynsham/ndp/id/resource/character.csv/area-number/6
6,9,6-9,,,,https://keynsham.github.io/images/6/image9.jpeg,http://datadock.io/keynsham/ndp/id/resource/character.csv/area-number/6
6,10,6-10,To the rear of St. Dunstans Church,,,https://keynsham.github.io/images/6/image10.jpeg,http://datadock.io/keynsham/ndp/id/resource/character.csv/area-number/6
6,11,6-11,To the rear of Trescothick Close ,,,https://keynsham.github.io/images/6/image11.jpeg,http://datadock.io/keynsham/ndp/id/resource/character.csv/area-number/6
7,1,7-1,Old vicarage Green,,,https://keynsham.github.io/images/7/image1.jpeg,http://datadock.io/keynsham/ndp/id/resource/character.csv/area-number/7
7,2,7-2,,,,https://keynsham.github.io/images/7/image2.jpeg,http://datadock.io/keynsham/ndp/id/resource/character.csv/area-number/7
7,3,7-3,"Above addition of odd vents, alarms external lighting",,,https://keynsham.github.io/images/7/image3.jpeg,http://datadock.io/keynsham/ndp/id/resource/character.csv/area-number/7
7,4,7-4,,,,https://keynsham.github.io/images/7/image4.jpeg,http://datadock.io/keynsham/ndp/id/resource/character.csv/area-number/7
7,5,7-5,,,,https://keynsham.github.io/images/7/image5.jpeg,http://datadock.io/keynsham/ndp/id/resource/character.csv/area-number/7
7,6,7-6,Original windows replaced by varying designs,,,https://keynsham.github.io/images/7/image6.jpeg,http://datadock.io/keynsham/ndp/id/resource/character.csv/area-number/7
7,7,7-7,,,,https://keynsham.github.io/images/7/image7.jpeg,http://datadock.io/keynsham/ndp/id/resource/character.csv/area-number/7
7,8,7-8,The old Manor House Hotel,,,https://keynsham.github.io/images/7/image8.jpeg,http://datadock.io/keynsham/ndp/id/resource/character.csv/area-number/7
13,1,13-1,,,,https://keynsham.github.io/images/13/image1.jpeg,http://datadock.io/keynsham/ndp/id/resource/character.csv/area-number/13
13,2,13-2,,,,https://keynsham.github.io/images/13/image2.jpeg,http://datadock.io/keynsham/ndp/id/resource/character.csv/area-number/13
13,3,13-3,,,,https://keynsham.github.io/images/13/image3.jpeg,http://datadock.io/keynsham/ndp/id/resource/character.csv/area-number/13
13,4,13-4,,,,https://keynsham.github.io/images/13/image4.jpeg,http://datadock.io/keynsham/ndp/id/resource/character.csv/area-number/13
13,5,13-5,,,,https://keynsham.github.io/images/13/image5.jpeg,http://datadock.io/keynsham/ndp/id/resource/character.csv/area-number/13
13,6,13-6,,,,https://keynsham.github.io/images/13/image6.jpeg,http://datadock.io/keynsham/ndp/id/resource/character.csv/area-number/13
15,1,15-1,Redwood House,,,https://keynsham.github.io/images/15/image1.jpeg,http://datadock.io/keynsham/ndp/id/resource/character.csv/area-number/15
15,2,15-2,,,,https://keynsham.github.io/images/15/image2.jpeg,http://datadock.io/keynsham/ndp/id/resource/character.csv/area-number/15
15,3,15-3,,,,https://keynsham.github.io/images/15/image3.jpeg,http://datadock.io/keynsham/ndp/id/resource/character.csv/area-number/15
15,4,15-4,,,,https://keynsham.github.io/images/15/image4.jpeg,http://datadock.io/keynsham/ndp/id/resource/character.csv/area-number/15
15,5,15-5,Milward Lodge,,,https://keynsham.github.io/images/15/image5.jpeg,http://datadock.io/keynsham/ndp/id/resource/character.csv/area-number/15
15,6,15-6,View to rear of Trescothick Close,,,https://keynsham.github.io/images/15/image6.jpeg,http://datadock.io/keynsham/ndp/id/resource/character.csv/area-number/15
33,1,33-1,,,,https://keynsham.github.io/images/33/image1.jpeg,http://datadock.io/keynsham/ndp/id/resource/character.csv/area-number/33
33,2,33-2,,,,https://keynsham.github.io/images/33/image2.jpeg,http://datadock.io/keynsham/ndp/id/resource/character.csv/area-number/33
33,3,33-3,,,,https://keynsham.github.io/images/33/image3.jpeg,http://datadock.io/keynsham/ndp/id/resource/character.csv/area-number/33
33,4,33-4,,,,https://keynsham.github.io/images/33/image4.jpeg,http://datadock.io/keynsham/ndp/id/resource/character.csv/area-number/33
33,5,33-5,,,,https://keynsham.github.io/images/33/image5.jpeg,http://datadock.io/keynsham/ndp/id/resource/character.csv/area-number/33
33,6,33-6,,,,https://keynsham.github.io/images/33/image6.jpeg,http://datadock.io/keynsham/ndp/id/resource/character.csv/area-number/33
33,7,33-7,,,,https://keynsham.github.io/images/33/image7.jpeg,http://datadock.io/keynsham/ndp/id/resource/character.csv/area-number/33
33,8,33-8,,,,https://keynsham.github.io/images/33/image8.jpeg,http://datadock.io/keynsham/ndp/id/resource/character.csv/area-number/33
33,9,33-9,,,,https://keynsham.github.io/images/33/image9.jpeg,http://datadock.io/keynsham/ndp/id/resource/character.csv/area-number/33
33,10,33-10,,,,https://keynsham.github.io/images/33/image10.jpeg,http://datadock.io/keynsham/ndp/id/resource/character.csv/area-number/33
33,11,33-11,,,,https://keynsham.github.io/images/33/image11.jpeg,http://datadock.io/keynsham/ndp/id/resource/character.csv/area-number/33
33,12,33-12,,,,https://keynsham.github.io/images/33/image12.jpeg,http://datadock.io/keynsham/ndp/id/resource/character.csv/area-number/33
44,1,44-1,,,,https://keynsham.github.io/images/44/image1.jpeg,http://datadock.io/keynsham/ndp/id/resource/character.csv/area-number/44
44,2,44-2,,,,https://keynsham.github.io/images/44/image2.jpeg,http://datadock.io/keynsham/ndp/id/resource/character.csv/area-number/44
44,3,44-3,,,,https://keynsham.github.io/images/44/image3.jpeg,http://datadock.io/keynsham/ndp/id/resource/character.csv/area-number/44
44,4,44-4,,,,https://keynsham.github.io/images/44/image4.jpeg,http://datadock.io/keynsham/ndp/id/resource/character.csv/area-number/44
44,5,44-5,,,,https://keynsham.github.io/images/44/image5.jpeg,http://datadock.io/keynsham/ndp/id/resource/character.csv/area-number/44
44,6,44-6,,,,https://keynsham.github.io/images/44/image6.jpeg,http://datadock.io/keynsham/ndp/id/resource/character.csv/area-number/44
44,7,44-7,,,,https://keynsham.github.io/images/44/image7.jpeg,http://datadock.io/keynsham/ndp/id/resource/character.csv/area-number/44
44,8,44-8,,,,https://keynsham.github.io/images/44/image8.jpeg,http://datadock.io/keynsham/ndp/id/resource/character.csv/area-number/44
44,9,44-9,,,,https://keynsham.github.io/images/44/image9.jpeg,http://datadock.io/keynsham/ndp/id/resource/character.csv/area-number/44
44,10,44-10,,,,https://keynsham.github.io/images/44/image10.jpeg,http://datadock.io/keynsham/ndp/id/resource/character.csv/area-number/44
44,11,44-11,,,,https://keynsham.github.io/images/44/image11.jpeg,http://datadock.io/keynsham/ndp/id/resource/character.csv/area-number/44
44,12,44-12,,,,https://keynsham.github.io/images/44/image12.jpeg,http://datadock.io/keynsham/ndp/id/resource/character.csv/area-number/44
44,13,44-13,,,,https://keynsham.github.io/images/44/image13.jpeg,http://datadock.io/keynsham/ndp/id/resource/character.csv/area-number/44
44,14,44-14,,,,https://keynsham.github.io/images/44/image14.jpeg,http://datadock.io/keynsham/ndp/id/resource/character.csv/area-number/44
47,1,47-1,Start of the commercial and retail properties on the junction of Rock Road and Temple Street,,,https://keynsham.github.io/images/47/image1.jpeg,http://datadock.io/keynsham/ndp/id/resource/character.csv/area-number/47
47,2,47-2,Grade II listed Cinnamon Restaurant and other commercial and retail properties in the conservation area on the junction of Bath Hill and the High Street,,,https://keynsham.github.io/images/47/image2.jpeg,http://datadock.io/keynsham/ndp/id/resource/character.csv/area-number/47
47,3,47-3,More retail properties on the High Street in the conservation area - Rontos is now Poundland,,,https://keynsham.github.io/images/47/image3.jpeg,http://datadock.io/keynsham/ndp/id/resource/character.csv/area-number/47
47,4,47-4,More retail properties on the High Street in the conservation area - Clinton Cards is now Costa Coffee,,,https://keynsham.github.io/images/47/image4.jpeg,http://datadock.io/keynsham/ndp/id/resource/character.csv/area-number/47
47,5,47-5,More retail/commercial properties on the High Street in the conservation area,,,https://keynsham.github.io/images/47/image5.jpeg,http://datadock.io/keynsham/ndp/id/resource/character.csv/area-number/47
47,6,47-6,More retail properties on the High Street in the conservation area,,,https://keynsham.github.io/images/47/image6.jpeg,http://datadock.io/keynsham/ndp/id/resource/character.csv/area-number/47
47,7,47-7,The Victoria Methodist Church on the junction of Charlton Road and the High street,,,https://keynsham.github.io/images/47/image7.jpeg,http://datadock.io/keynsham/ndp/id/resource/character.csv/area-number/47
47,8,47-8,Magic Pizza has Grade II listing due to its Art Deco features,,,https://keynsham.github.io/images/47/image8.jpeg,http://datadock.io/keynsham/ndp/id/resource/character.csv/area-number/47
47,9,47-9,More retail properties on the High Street in the conservation area,,,https://keynsham.github.io/images/47/image9.jpeg,http://datadock.io/keynsham/ndp/id/resource/character.csv/area-number/47
47,10,47-10,Grade II listed Old Bank Public House and the archway between numbers 20 - 22 High Street,,,https://keynsham.github.io/images/47/image10.jpeg,http://datadock.io/keynsham/ndp/id/resource/character.csv/area-number/47
47,11,47-11,More retail properties on the High Street in the conservation area,,,https://keynsham.github.io/images/47/image11.jpeg,http://datadock.io/keynsham/ndp/id/resource/character.csv/area-number/47
47,12,47-12,Ornate Victorian lamp post within the conservation area of Keynsham,,,https://keynsham.github.io/images/47/image12.jpeg,http://datadock.io/keynsham/ndp/id/resource/character.csv/area-number/47
47,13,47-13,More retail properties on the High Street in the conservation area viewed from Station Road,,,https://keynsham.github.io/images/47/image13.jpeg,http://datadock.io/keynsham/ndp/id/resource/character.csv/area-number/47
47,14,47-14,,,,https://keynsham.github.io/images/47/image14.jpeg,http://datadock.io/keynsham/ndp/id/resource/character.csv/area-number/47
47,15,47-15,Grade II listed Milward House,,,https://keynsham.github.io/images/47/image15.jpeg,http://datadock.io/keynsham/ndp/id/resource/character.csv/area-number/47
47,16,47-16,Grade II listed Old Manor House and K6 Telephone box Bristol Road within the conservation area,,,https://keynsham.github.io/images/47/image16.jpeg,http://datadock.io/keynsham/ndp/id/resource/character.csv/area-number/47
54,1,54-1,The Old School Bath Hill - Victorian dates - Opened 1860  - Closed   2009  - now converted into residential properties                     ,,,https://keynsham.github.io/images/54/image1.jpeg,http://datadock.io/keynsham/ndp/id/resource/character.csv/area-number/54
54,2,54-2,"KEYNSHAM ST6568 BATH HILL 739-1/4/12 (North side) 29/10/74 Temple County Primary School II Primary school and school master's house. c1860. Squared and coursed rubble with ashlar dressings, copings and gabled single-Roman tile roofs. STYLE: Gothic Revival. PLAN: L-shaped plan with 2 ranges running at right-angles: schoolroom to north and schoolhouse to east. EXTERIOR: low, 1-storey range to schoolroom and taller, 2-storey range to master's house. Schoolroom has gable end with coped parapet and saddle stones; large 5-light window with cusped heads set in echelon under relieving arch. Second gable end behind with similar details. 3 gables rise into main roof towards inside of ranges: one 4-light and two 3-light stone mullioned and transomed windows with shouldered heads. Entrance in angle of ranges with part-glazed door; gabled porch with pointed-arched doorway and plank door projects at south-west corner. Schoolhouse is of 2 elements, both gabled with coped parapets and saddle stones, one set back from the other; 2 and 3-light flat-headed mullioned fenestration with relieving arches to west facade wall. Canted bay to ground-floor left-hand; doorway to right with lean-to tiled roof and plank door. 2 half-dormers, 2 windows and right-hand door to south return wall. INTERIOR: not inspected. An unaltered and distinguished example of mid Victorian scholastic architecture.",,,https://keynsham.github.io/images/54/image2.jpeg,http://datadock.io/keynsham/ndp/id/resource/character.csv/area-number/54
54,3,54-3,Residential and commercial properties on Bath Hill,,,https://keynsham.github.io/images/54/image3.jpeg,http://datadock.io/keynsham/ndp/id/resource/character.csv/area-number/54
54,4,54-4,Residential properties (retirement homes) in Back Lane,,,https://keynsham.github.io/images/54/image4.jpeg,http://datadock.io/keynsham/ndp/id/resource/character.csv/area-number/54
54,5,54-5,The old centre - now demolished - redevelopment under construction 2013 - 2014,,,https://keynsham.github.io/images/54/image5.jpeg,http://datadock.io/keynsham/ndp/id/resource/character.csv/area-number/54
54,6,54-6,,,,https://keynsham.github.io/images/54/image6.jpeg,http://datadock.io/keynsham/ndp/id/resource/character.csv/area-number/54
54,7,54-7,,,,https://keynsham.github.io/images/54/image7.jpeg,http://datadock.io/keynsham/ndp/id/resource/character.csv/area-number/54
54,8,54-8,,,,https://keynsham.github.io/images/54/image8.jpeg,http://datadock.io/keynsham/ndp/id/resource/character.csv/area-number/54
54,9,54-9,Commercial properties on the junction of Bath Hill and High Street - Charcoal Grill is now Keynsham Fish and Chip shop and Keynsham Gift and jewellery is a vacant store (as at January 2014),,,https://keynsham.github.io/images/54/image9.jpeg,http://datadock.io/keynsham/ndp/id/resource/character.csv/area-number/54
54,10,54-10,High Street retail within the conservation area,,,https://keynsham.github.io/images/54/image10.jpeg,http://datadock.io/keynsham/ndp/id/resource/character.csv/area-number/54
54,11,54-11,,,,https://keynsham.github.io/images/54/image11.jpeg,http://datadock.io/keynsham/ndp/id/resource/character.csv/area-number/54
54,12,54-12,,,,https://keynsham.github.io/images/54/image12.jpeg,http://datadock.io/keynsham/ndp/id/resource/character.csv/area-number/54
54,13,54-13,Empty old Lloyds Bank Building and to the left Grade II listed Baptist church (Ebenezer Chapel),,,https://keynsham.github.io/images/54/image13.jpeg,http://datadock.io/keynsham/ndp/id/resource/character.csv/area-number/54
54,14,54-14,More High Street retail within the conservation area.,,,https://keynsham.github.io/images/54/image14.jpeg,http://datadock.io/keynsham/ndp/id/resource/character.csv/area-number/54
54,15,54-15,More High Street retail and commercial within the conservation area.  Empty shop on the left is now Timber craft,,,https://keynsham.github.io/images/54/image15.jpeg,http://datadock.io/keynsham/ndp/id/resource/character.csv/area-number/54
54,16,54-16,The wine bar and other retail/commercial premises on the High Street,,,https://keynsham.github.io/images/54/image16.jpeg,http://datadock.io/keynsham/ndp/id/resource/character.csv/area-number/54
54,17,54-17,,,,https://keynsham.github.io/images/54/image17.jpeg,http://datadock.io/keynsham/ndp/id/resource/character.csv/area-number/54
54,18,54-18,,,,https://keynsham.github.io/images/54/image18.jpeg,http://datadock.io/keynsham/ndp/id/resource/character.csv/area-number/54
54,19,54-19,Grade II* Church of St. John the Baptist built around 1250,,,https://keynsham.github.io/images/54/image19.jpeg,http://datadock.io/keynsham/ndp/id/resource/character.csv/area-number/54
54,20,54-20,Residential and commercial properties in station road within the conservation area,,,https://keynsham.github.io/images/54/image20.jpeg,http://datadock.io/keynsham/ndp/id/resource/character.csv/area-number/54
54,21,54-21,,,,https://keynsham.github.io/images/54/image21.jpeg,http://datadock.io/keynsham/ndp/id/resource/character.csv/area-number/54
64,1,64-1,,,,https://keynsham.github.io/images/64/image1.jpeg,http://datadock.io/keynsham/ndp/id/resource/character.csv/area-number/64
64,2,64-2,,,,https://keynsham.github.io/images/64/image2.jpeg,http://datadock.io/keynsham/ndp/id/resource/character.csv/area-number/64
64,3,64-3,,,,https://keynsham.github.io/images/64/image3.jpeg,http://datadock.io/keynsham/ndp/id/resource/character.csv/area-number/64
64,4,64-4,,,,https://keynsham.github.io/images/64/image4.jpeg,http://datadock.io/keynsham/ndp/id/resource/character.csv/area-number/64
64,5,64-5,,,,https://keynsham.github.io/images/64/image5.jpeg,http://datadock.io/keynsham/ndp/id/resource/character.csv/area-number/64
64,6,64-6,,,,https://keynsham.github.io/images/64/image6.jpeg,http://datadock.io/keynsham/ndp/id/resource/character.csv/area-number/64
64,7,64-7,,,,https://keynsham.github.io/images/64/image7.jpeg,http://datadock.io/keynsham/ndp/id/resource/character.csv/area-number/64
64,8,64-8,,,,https://keynsham.github.io/images/64/image8.jpeg,http://datadock.io/keynsham/ndp/id/resource/character.csv/area-number/64
64,9,64-9,,,,https://keynsham.github.io/images/64/image9.jpeg,http://datadock.io/keynsham/ndp/id/resource/character.csv/area-number/64
64,10,64-10,,,,https://keynsham.github.io/images/64/image10.jpeg,http://datadock.io/keynsham/ndp/id/resource/character.csv/area-number/64
64,11,64-11,,,,https://keynsham.github.io/images/64/image11.jpeg,http://datadock.io/keynsham/ndp/id/resource/character.csv/area-number/64
64,12,64-12,,,,https://keynsham.github.io/images/64/image12.jpeg,http://datadock.io/keynsham/ndp/id/resource/character.csv/area-number/64
64,13,64-13,,,,https://keynsham.github.io/images/64/image13.jpeg,http://datadock.io/keynsham/ndp/id/resource/character.csv/area-number/64
64,14,64-14,,,,https://keynsham.github.io/images/64/image14.jpeg,http://datadock.io/keynsham/ndp/id/resource/character.csv/area-number/64
64,15,64-15,,,,https://keynsham.github.io/images/64/image15.jpeg,http://datadock.io/keynsham/ndp/id/resource/character.csv/area-number/64
64,16,64-16,,,,https://keynsham.github.io/images/64/image16.jpeg,http://datadock.io/keynsham/ndp/id/resource/character.csv/area-number/64
64,17,64-17,,,,https://keynsham.github.io/images/64/image17.jpeg,http://datadock.io/keynsham/ndp/id/resource/character.csv/area-number/64
64,18,64-18,,,,https://keynsham.github.io/images/64/image18.jpeg,http://datadock.io/keynsham/ndp/id/resource/character.csv/area-number/64
64,19,64-19,,,,https://keynsham.github.io/images/64/image19.jpeg,http://datadock.io/keynsham/ndp/id/resource/character.csv/area-number/64
64,20,64-20,,,,https://keynsham.github.io/images/64/image20.jpeg,http://datadock.io/keynsham/ndp/id/resource/character.csv/area-number/64
64,21,64-21,,,,https://keynsham.github.io/images/64/image21.jpeg,http://datadock.io/keynsham/ndp/id/resource/character.csv/area-number/64
64,22,64-22,,,,https://keynsham.github.io/images/64/image22.jpeg,http://datadock.io/keynsham/ndp/id/resource/character.csv/area-number/64
64,23,64-23,,,,https://keynsham.github.io/images/64/image23.jpeg,http://datadock.io/keynsham/ndp/id/resource/character.csv/area-number/64
71,1,71-1,,,,https://keynsham.github.io/images/71/image1.jpeg,http://datadock.io/keynsham/ndp/id/resource/character.csv/area-number/71
71,2,71-2,,,,https://keynsham.github.io/images/71/image2.jpeg,http://datadock.io/keynsham/ndp/id/resource/character.csv/area-number/71
71,3,71-3,,,,https://keynsham.github.io/images/71/image3.jpeg,http://datadock.io/keynsham/ndp/id/resource/character.csv/area-number/71
71,4,71-4,,,,https://keynsham.github.io/images/71/image4.jpeg,http://datadock.io/keynsham/ndp/id/resource/character.csv/area-number/71
71,5,71-5,,,,https://keynsham.github.io/images/71/image5.jpeg,http://datadock.io/keynsham/ndp/id/resource/character.csv/area-number/71
71,6,71-6,,,,https://keynsham.github.io/images/71/image6.jpeg,http://datadock.io/keynsham/ndp/id/resource/character.csv/area-number/71
71,7,71-7,,,,https://keynsham.github.io/images/71/image7.jpeg,http://datadock.io/keynsham/ndp/id/resource/character.csv/area-number/71
71,8,71-8,,,,https://keynsham.github.io/images/71/image8.jpeg,http://datadock.io/keynsham/ndp/id/resource/character.csv/area-number/71
71,9,71-9,,,,https://keynsham.github.io/images/71/image9.jpeg,http://datadock.io/keynsham/ndp/id/resource/character.csv/area-number/71
71,10,71-10,,,,https://keynsham.github.io/images/71/image10.jpeg,http://datadock.io/keynsham/ndp/id/resource/character.csv/area-number/71
71,11,71-11,,,,https://keynsham.github.io/images/71/image11.jpeg,http://datadock.io/keynsham/ndp/id/resource/character.csv/area-number/71
71,12,71-12,,,,https://keynsham.github.io/images/71/image12.jpeg,http://datadock.io/keynsham/ndp/id/resource/character.csv/area-number/71
71,13,71-13,,,,https://keynsham.github.io/images/71/image13.jpeg,http://datadock.io/keynsham/ndp/id/resource/character.csv/area-number/71
71,14,71-14,,,,https://keynsham.github.io/images/71/image14.jpeg,http://datadock.io/keynsham/ndp/id/resource/character.csv/area-number/71
71,15,71-15,,,,https://keynsham.github.io/images/71/image15.jpeg,http://datadock.io/keynsham/ndp/id/resource/character.csv/area-number/71
71,16,71-16,,,,https://keynsham.github.io/images/71/image16.jpeg,http://datadock.io/keynsham/ndp/id/resource/character.csv/area-number/71
71,17,71-17,,,,https://keynsham.github.io/images/71/image17.jpeg,http://datadock.io/keynsham/ndp/id/resource/character.csv/area-number/71
71,18,71-18,,,,https://keynsham.github.io/images/71/image18.jpeg,http://datadock.io/keynsham/ndp/id/resource/character.csv/area-number/71
71,19,71-19,,,,https://keynsham.github.io/images/71/image19.jpeg,http://datadock.io/keynsham/ndp/id/resource/character.csv/area-number/71
71,20,71-20,,,,https://keynsham.github.io/images/71/image20.jpeg,http://datadock.io/keynsham/ndp/id/resource/character.csv/area-number/71
73,1,73-1,,,,https://keynsham.github.io/images/73/image1.jpeg,http://datadock.io/keynsham/ndp/id/resource/character.csv/area-number/73
73,2,73-2,,,,https://keynsham.github.io/images/73/image2.jpeg,http://datadock.io/keynsham/ndp/id/resource/character.csv/area-number/73
73,3,73-3,,,,https://keynsham.github.io/images/73/image3.jpeg,http://datadock.io/keynsham/ndp/id/resource/character.csv/area-number/73
73,4,73-4,,,,https://keynsham.github.io/images/73/image4.jpeg,http://datadock.io/keynsham/ndp/id/resource/character.csv/area-number/73
78,1,78-1,,,,https://keynsham.github.io/images/78/image1.jpeg,http://datadock.io/keynsham/ndp/id/resource/character.csv/area-number/78
78,2,78-2,,,,https://keynsham.github.io/images/78/image2.jpeg,http://datadock.io/keynsham/ndp/id/resource/character.csv/area-number/78
78,3,78-3,,,,https://keynsham.github.io/images/78/image3.jpeg,http://datadock.io/keynsham/ndp/id/resource/character.csv/area-number/78
78,4,78-4,,,,https://keynsham.github.io/images/78/image4.jpeg,http://datadock.io/keynsham/ndp/id/resource/character.csv/area-number/78
99,1,99-1,,,,https://keynsham.github.io/images/99/image1.jpeg,http://datadock.io/keynsham/ndp/id/resource/character.csv/area-number/99
99,2,99-2,,,,https://keynsham.github.io/images/99/image2.jpeg,http://datadock.io/keynsham/ndp/id/resource/character.csv/area-number/99
107,1,107-1,,,,https://keynsham.github.io/images/107/image1.jpeg,http://datadock.io/keynsham/ndp/id/resource/character.csv/area-number/107
107,2,107-2,View from Lytes Cary Road towards Martock Road ,,,https://keynsham.github.io/images/107/image2.jpeg,http://datadock.io/keynsham/ndp/id/resource/character.csv/area-number/107
107,3,107-3,Pathway from Banwell Road to Lytes Cary Road showing storm damage,,,https://keynsham.github.io/images/107/image3.jpeg,http://datadock.io/keynsham/ndp/id/resource/character.csv/area-number/107
107,4,107-4,Lytes Cary Road ,,,https://keynsham.github.io/images/107/image4.jpeg,http://datadock.io/keynsham/ndp/id/resource/character.csv/area-number/107
107,5,107-5,Hutton Close,,,https://keynsham.github.io/images/107/image5.jpeg,http://datadock.io/keynsham/ndp/id/resource/character.csv/area-number/107
108,1,108-1,Chalfield Close,,,https://keynsham.github.io/images/108/image1.jpeg,http://datadock.io/keynsham/ndp/id/resource/character.csv/area-number/108
108,2,108-2,Play area Chalfield Close ,,,https://keynsham.github.io/images/108/image2.jpeg,http://datadock.io/keynsham/ndp/id/resource/character.csv/area-number/108
108,3,108-3,view along Courtney Road,,,https://keynsham.github.io/images/108/image3.jpeg,http://datadock.io/keynsham/ndp/id/resource/character.csv/area-number/108